<?xml version="1.0" encoding="UTF-8"?>
 <project xmlns="http://maven.apache.org/POM/4.0.0"
 xmlns:xsi="http://www.w3.org/2001/XMLSchema-instance"
 xsi:schemaLocation="http://maven.apache.org/POM/4.0.0
                    http://maven.apache.org/xsd/maven-4.0.0.xsd">

    <modelVersion>4.0.0</modelVersion>

    <groupId>javaForTesters</groupId>
    <artifactId>javaForTesters</artifactId>
    <version>1.0-SNAPSHOT</version>
    <packaging>jar</packaging>

    <!--
        http://maven.apache.org/surefire/maven-surefire-plugin/usage.html
        http://maven.apache.org/surefire/maven-surefire-report-plugin/report-mojo.html

        mvn clean surefire-report:report -Dmaven.source=reportingpom.xml
        -->

    <properties>
        <project.build.sourceEncoding>UTF-8</project.build.sourceEncoding>
    </properties>


    <dependencies>

        <dependency>
            <groupId>junit</groupId>
            <artifactId>junit</artifactId>
            <version>4.11</version>
        </dependency>

        <dependency>
            <groupId>org.apache.maven.surefire</groupId>
            <artifactId>surefire</artifactId>
            <version>2.15</version>
            <type>pom</type>
        </dependency>

    </dependencies>

    <reporting>
        <plugins>
            <plugin>
                <groupId>org.apache.maven.plugins</groupId>
                <artifactId>maven-surefire-report-plugin</artifactId>
                <version>2.15</version>
                <configuration>
                    <showSuccess>true</showSuccess>
                </configuration>
            </plugin>
        </plugins>
    </reporting>

    <build>
        <plugins>
            <plugin>
                <groupId>org.apache.maven.plugins</groupId>
                <artifactId>maven-compiler-plugin</artifactId>
                <configuration>
                    <source>1.7</source>
                    <target>1.7</target>
                </configuration>
            </plugin>
        </plugins>
    </build>
</project>